{
  "camera_label": "cam_h",
  "side": "right",
  "R_cam2ref": [
    [
      -0.00573023442903553,
      -0.7003284264578072,
      0.7137977721375433
    ],
    [
      -0.9997359307205717,
      0.01989737860714924,
      0.011496223329259703
    ],
    [
      -0.02225383651554841,
      -0.713543404019472,
      -0.7002575078788116
    ]
  ],
  "t_cam2ref": [
    0.018783642268891315,
    0.2696572130336537,
    0.138034882000128
  ],
  "R_ref2cam": [
    [
      -0.00573023442903553,
      -0.9997359307205717,
      -0.02225383651554841
    ],
    [
      -0.7003284264578072,
      0.01989737860714924,
      -0.713543404019472
    ],
    [
      0.7137977721375433,
      0.011496223329259703,
      -0.7002575078788116
    ]
  ],
  "t_ref2cam": [
    0.27276544521882096,
    0.10628312654723719,
    0.0801522009222116
  ],
  "T_cam2ref": [
    [
      -0.00573023442903553,
      -0.7003284264578072,
      0.7137977721375433,
      0.018783642268891315
    ],
    [
      -0.9997359307205717,
      0.01989737860714924,
      0.011496223329259703,
      0.2696572130336537
    ],
    [
      -0.02225383651554841,
      -0.713543404019472,
      -0.7002575078788116,
      0.138034882000128
    ],
    [
      0.0,
      0.0,
      0.0,
      1.0
    ]
  ],
  "T_ref2cam": [
    [
      -0.00573023442903553,
      -0.9997359307205717,
      -0.02225383651554841,
      0.27276544521882096
    ],
    [
      -0.7003284264578072,
      0.01989737860714924,
      -0.713543404019472,
      0.10628312654723719
    ],
    [
      0.7137977721375433,
      0.011496223329259703,
      -0.7002575078788116,
      0.0801522009222116
    ],
    [
      0.0,
      0.0,
      0.0,
      1.0
    ]
  ]
}