{
  "camera_label": "cam_h",
  "side": "left",
  "R_cam2ref": [
    [
      -0.01591520989706363,
      -0.6804023636363089,
      0.7326659058889369
    ],
    [
      -0.9996339262156216,
      -0.005207019701899185,
      -0.02654996242116575
    ],
    [
      0.021879662992689897,
      -0.7328202443327752,
      -0.6800704153566586
    ]
  ],
  "t_cam2ref": [
    0.003151232385867661,
    -0.25227484966263874,
    0.12802549038842317
  ],
  "R_ref2cam": [
    [
      -0.01591520989706363,
      -0.9996339262156216,
      0.021879662992689897
    ],
    [
      -0.6804023636363089,
      -0.005207019701899185,
      -0.7328202443327752
    ],
    [
      0.7326659058889369,
      -0.02654996242116575,
      -0.6800704153566586
    ]
  ],
  "t_ref2cam": [
    -0.2549335005130363,
    0.09465017699849225,
    0.07805966011568827
  ],
  "T_cam2ref": [
    [
      -0.01591520989706363,
      -0.6804023636363089,
      0.7326659058889369,
      0.003151232385867661
    ],
    [
      -0.9996339262156216,
      -0.005207019701899185,
      -0.02654996242116575,
      -0.25227484966263874
    ],
    [
      0.021879662992689897,
      -0.7328202443327752,
      -0.6800704153566586,
      0.12802549038842317
    ],
    [
      0.0,
      0.0,
      0.0,
      1.0
    ]
  ],
  "T_ref2cam": [
    [
      -0.01591520989706363,
      -0.9996339262156216,
      0.021879662992689897,
      -0.2549335005130363
    ],
    [
      -0.6804023636363089,
      -0.005207019701899185,
      -0.7328202443327752,
      0.09465017699849225
    ],
    [
      0.7326659058889369,
      -0.02654996242116575,
      -0.6800704153566586,
      0.07805966011568827
    ],
    [
      0.0,
      0.0,
      0.0,
      1.0
    ]
  ]
}