{
  "camera_label": "cam_h",
  "side": "left",
  "R_cam2ref": [
    [
      -0.01022451527760726,
      -0.5071681372702741,
      0.861786481574838
    ],
    [
      -0.9997376669412061,
      -0.012479673613300601,
      -0.019205599325708644
    ],
    [
      0.020495282049587504,
      -0.8617567744348205,
      -0.5069074916879823
    ]
  ],
  "t_cam2ref": [
    0.019333535519116728,
    -0.23751223916353767,
    0.13595597780350663
  ],
  "R_ref2cam": [
    [
      -0.01022451527760726,
      -0.9997376669412061,
      0.020495282049587504
    ],
    [
      -0.5071681372702741,
      -0.012479673613300601,
      -0.8617567744348205
    ],
    [
      0.861786481574838,
      -0.019205599325708644,
      -0.5069074916879823
    ]
  ],
  "t_ref2cam": [
    -0.24003871193346188,
    0.1240022628692359,
    0.04769415923661399
  ],
  "T_cam2ref": [
    [
      -0.01022451527760726,
      -0.5071681372702741,
      0.861786481574838,
      0.019333535519116728
    ],
    [
      -0.9997376669412061,
      -0.012479673613300601,
      -0.019205599325708644,
      -0.23751223916353767
    ],
    [
      0.020495282049587504,
      -0.8617567744348205,
      -0.5069074916879823,
      0.13595597780350663
    ],
    [
      0.0,
      0.0,
      0.0,
      1.0
    ]
  ],
  "T_ref2cam": [
    [
      -0.01022451527760726,
      -0.9997376669412061,
      0.020495282049587504,
      -0.24003871193346188
    ],
    [
      -0.5071681372702741,
      -0.012479673613300601,
      -0.8617567744348205,
      0.1240022628692359
    ],
    [
      0.861786481574838,
      -0.019205599325708644,
      -0.5069074916879823,
      0.04769415923661399
    ],
    [
      0.0,
      0.0,
      0.0,
      1.0
    ]
  ]
}